title,body
سعودي في الجول,"وافق 47 ناد سعودي على مشروع توثيق تاريخ الكرة السعودية، فيما أبدى نادي الشباب اعتراضه.
وغادر ممثل نادي الشباب الاجتماع الأخير لمشروع توثيق تاريخ الكرة السعودية وذلك قبل إصدار التقرير النهائي بنتائج المشروع.
وبحسب صحيفة الشرق الأوسط السعودية، فإن فارس العلياني ممثل نادي الشباب رفع البطاقة الحمراء اعتراضا على المصادقة على التقرير النهائي المتعلق بنتائج المشروع.
وقال العلياني عبر وسال إعلام سعودية: ""أحسن الله عزاءنا في تاريخنا الرياضي، ما حدث هو عبث، والمتضرر الوحيد في هذا المشروع هو نادي الشباب"".
وأضاف""نحن كُنا رابع الترتيب في سجل أبطال الدوري ثم أصبحنا خامسا. اتحاد القدم رمى موضوع التوثيق لدى الجمعية العمومية، ومع الأسف أندية ليس لها تاريخ رياضي تصوت وتقرر"".
وستقوم الأندية بإعلان عدد بطولاتها وفقا لنتائج التقرير بعد المصادقة على التقرير النهائي لمشروع توثيق تاريخ كرة القدم السعودية، ، بعد ذلك سيتم الإعلان عنها في موقع الاتحاد السعودي لكرة القدم.
وأشارت التقارير إلى أن فريق عمل مشروع توثيق تاريخ كرة القدم السعودية بين في تقريره أن عدد البطولات المرصودة 3910 بطولة، وعدد الأبطال 155 نادي.
وأضاف أن عدد البطولات المرصودة للفريق الأول 1282 بطولة، وللفئات العمرية 2628 بطولة.
وأوضحت التقارير أن عدد الأندية المصادقة على نتائج مشروع توثيق تاريخ كرة القدم السعودية 47 ناد، الشباب هو النادي الوحيد الذي رفض المصادقة."
الدوري المصري,"تلقى الأهلي عرضا رسميا من نادي فالنسيا الإسباني للتعاقد مع حارس مرماه مصطفى شوبير في الموسم المقبل.
وعلمFilGoal.comأن الأهلي تلقى عرضا رسميا من النادي الإسباني طلب خلاله التعاقد مع مصطفى شوبير.
لكن إدارة الأهلي أجلت الرد على هذا العرض لحين الانتهاء من فترة ضغط المباريات الحالية.
وأن إدارة النادي ومحمد رمضان المدير الرياضي أسندا هذا الملف لـ محمد شوقي نائب المدير الرياضي للتفاوض مع الطرف الإسباني.
ولكن ليس في الوقت الحالي بسبب انشغال الفريق بالاستعداد لمباراة صنداونز وما تبقى من مباريات في الموسم الحالي.
وتم تصعيد مصطفى شوبير البالغ من العمر 24 عاما للفريق الأول للأهلي في موسم 2019/2020 وخاض أول مباراة له تحت قيادة المدرب السويسري الأسبق رينيه فايلر.
وفي الموسم الجاري لعب مصطفى شوبير 8 مباريات مع الأهلي بواقع 6 في الدوري المصري، ومباراة في دوري أبطال إفريقيا وأخرى في السوبر المصري.
وتألق مصطفى شوبير مع الأهلي في الموسم الماضي بعد إصابة محمد الشناوي وقاد الفريق للتتويج بدوري أبطال إفريقيا دون أن يتلقى أي أهداف.
وذلك بعدما لعب 9 مباريات حافظ فيها جميعا على نظافة شباكه.
كما ينضم مصطفى شوبير بشكل مستمر لمنتخب مصر منذ تولي حسام حسن تدريب الفراعنة وشارك معه في مباراة واحدة."
الكرة الأوروبية,"عبر أوريلين تشواميني لاعب ريال مدريد عن سعادته بحصوله على جائزة لاعب الشهر في الفريق، وعلى الجانب الآخر شدد أن الملكي سيواصل المنافسة على الدوري.
ويستعد ريال مدريد لمواجهة خيتافي غدا الأربعاء بالجولة 33 من الدوري الإسباني على ملعب كوليسيوم.
وقال اللاعب الفرنسي لموقع ناديه: ""سعيد للغاية بالحصول على جائزة لاعب الشهر في الفريق، هذا الشيء يعني لي الكثير، أسعى كل يوم لأحسن أدائي سواء بالكرة أو دونها"".
وأضاف ""هدفي مساعدة زملائي في الفريق قدر الإمكان وتحقيق الفوز في المباريات"".
وتابع ""مباراة خيتافي مهمة، نحن في المرحلة الأخيرة من الموسم، ولذلك تصبح المباريات أكثر أهمية"".
وأنهى حديثه قائلا: ""علينا الالتزام وبذل أقصى مجهود ممكن للفوز ومواصلة المنافسة على الدوري الإسباني"".
ويحتل ريال مدريد المركز الثاني في جدول ترتيب الدوري الإسباني برصيد 69 نقطة."
ميركاتو,"يسعى نادي الهلال لتعويض رحيل البرازيلي نيمار عن الفريق بضم نجم بارز.
وكان قد ارتبط اسم فينيسيوس جونيور بالانتقال إلى الهلال لكن تشير التقارير إلى أن اللاعب قرر عدم الرحيل عن ريال مدريد في المستقبل القريب.
وكشفت صحيفة سبورت الإسبانية أن الهلال يدرس خيارات لتعزيز هجومه بجناح من الطراز الرفيع.
وأوضح التقرير أن إدارة الهلال مهتمة بضم البرازيلي رافينيا نجم فريق برشلونة.
ونجح رافينيا في تسجيل 30 هدفا وصناعة 22 آخرين خلال 48 خاضهم برشلونة هذا الموسم.
ويعتبر رافينيا أحد أبرز اللاعبين المرشحين للتتويج بجائزة الكرة الذهبية في 2025.
وكشف التقرير عن اهتمام أندية مثل الهلال والنصر واتحاد جدة لضم نجوم من فريق برشلونة.
وأبرز الأسماء المرشحة من برشلونة للانتقال إلى الدوري السعودي فرينكي دي يونج ورونالد أراخو.
ويحتل برشلونة صدارة ترتيب الدوري الإسباني قبل ست جولات من النهاية بفارق 4 نقاط عن ريال مدريد."
كرة يد,"كشف ماركوس ماركيز مدرب حراس مرمى الزمالك لكرة اليد عن رحيله إلى كرواتيا.
ولم ينته موسم الزمالك في كرة اليد إذ يتبقى المنافسة على بطولتي السوبر الإفريقي وكأس الكؤوس الإفريقية.
وكشف ماركوس ماركيز مدرب حراس مرمى الزمالك لكرة اليد عبر حسابه الشخصي ""مشجع أهلاوي ساعدني أنا وعائلتي للوصول بسلام إلى كرواتيا"".
وتابع ""أشكره على ذلك وعندما أتأكد أن عائلتي في أمان سأتحدث عن طل شيء بخصوص الزمالك"".
وكان ماركوس قد انضم إلى الجهاز الفني بقيادة الإسباني فرناندو باربيتو المدير الفني للفريق.
ولم يكشف ماركوس تفاصيل رحيله عن مصر إلى كرواتيا موضحا حديثه في وقت لاحق.
وخسر الزمالك هذا الموسم لقب بطولتي الدوري وكأس مصر أمام الأهلي."
كرة يد,"حسم فريق سيدات الأهلي لكرة اليد لقب الدوري المصري للمرة الثالثة على التوالي قبل جولة من ختام المسابقة.
وتغلب الأهلي على الشمس بنتيجة 30-18 في المباراة التي أقيمت على صالة حسن مصطفى قبل جولة من ختام الدورة المجمعة الثانية.
وحققت سيدات الأهلي بذلك لقب الدوري للمرة الخامسة والأربعين في التاريخ.
ويختتم فريق الأهلي منافساته بمواجهة الزمالك غدا الأربعاء في مباراة تحصيل حصل.
ورفع الأهلي رصيده إلى 19 نقطة بفارق 8 نقاط عن الشمس أقرب منافسيه.
أما الزمالك فيتذيل الترتيب برصيد 3 نقاط قبل المباراة الختامية.
ويستعد فريق الأهلي لخوض منافساتي السوبر الإفريقي وكأس الكؤوس لسيدات كرة اليد.
ويستضيف الأهلي منافسات البطولتين على صالته في مايو المقبل."
الكرة المصرية,"أشاد رولاني موكوينا المدير الفني لـ الوداد الغربي بنظيره الأهلي قبل انطلاق منافسات كأس العالم للأندية 2025.
ويستعد الوداد لخوض منافسات كأس العالم للأندية المقرر لها في الولايات المتحدة الأمريكية خلال الفترة من 15 يونيو إلى 14 يوليو المقبلين.
وقال المدرب الجنوب إفريقي لصحيفة توتو سبورت: ""أشعر ببعض الحسد تجاه الأهلي؟ هذه الكلمة قوية نوعا ما، هناك احترام وإعجاب بما حققه الأهلي ونجاحه مثير للإعجاب، لا شك في ذلك"".
وأتم ""الأهلي مرجع لجميع الأندية الإفريقية، هذا دليل على أنه من الممكن بالاستقرار والعمل الجاد التطلع إلى مستويات مماثلة"".
ويقع الوداد المغربي في مجموعة نارية رفقة أندية يوفنتوس ومانشستر سيتي والعين الإماراتي.
ويستهل الوداد مشواره بمواجهة مانشستر سيتي يوم 18 يونيو قبل أن يواجه يوفنتوس ثم مانشستر سيتي."
الدوري المصري,"عقد البرتغالي جوزيه بيسيرو المدير الفني للفريق الأول لكرة القدم بنادي الزمالك جلسة مع اللاعبين قبل انطلاق مران اليوم الثلاثاء على ملعب النادي، استعداداً لمباراة المصري المقبلة في مسابقة الدوري الممتاز.
شهدت الجلسة حضور جميع الجهاز الفني بالكامل، وأكد المدير الفني البرتغالي على أهمية المرحلة المقبلة في ظل ارتباط الفريق بمباريات قوية في مسابقة الدوري، بجانب نهائي كأس مصر أمام فريق بيراميدز.
ومنح جوزيه بيسيرو تعليماته الفنية للاعبين من أجل تنفيذها خلال مران اليوم استعداداً لمباراة المصري المرتقبة.
و شهدت تدريبات الفريق تصعيد عمر محمد صلاح حارس مرمى فريق 2007 بقطاع الناشئين.
وأدى عمر محمد التدريبات برفقة حراس المرمى تحت قيادة نونو ميجيل مدرب حراس الفريق الأول.
وخاض الفريق تقسيمة فنية مطولة وأدى الفريق فقرة فنية وخططية ركز خلالها الجهاز الفني بقيادة البرتغالي جوزيه بيسيرو على تدريب اللاعبين على الكرات الثابتة.
وخصص الجهاز الفني فقرة كاملة بعد التقسيمة للعمل على إنهاء الهجمات بالشكل الأمثل، استعداداً للمباريات المقبلة.
وقرر الجهاز الفني للفريق الأول لكرة القدم بنادي الزمالك بقيادة البرتغالي جوزيه بيسيرو، الانتظام في معسكر مغلق يوم الاثنين المقبل، الموافق 28 إبريل الجاري في مدينة برج العرب بالإسكندرية، في إطار الاستعداد لمباراة المصري المقبلة في مسابقة الدوري الممتاز.
ويستعد فريق الزمالك لمواجهة المصري، المقرر لها يوم 1 مايو المقبل على ستاد الجيش ببرج العرب، في الجولة الثالثة للمرحلة النهائية لمسابقة الدوري المصري الممتاز.
ويحتل الزمالك المركز الثالث بجدول ترتيب الدوري المصري برصيد 38 نقطة بفارق 6 نقاط عن بيراميدز المتصدر ونقطتين عن الأهلي صاحب المركز الثاني."
الكرة المصرية,"كتب :عبد الرحمن فوزي| الإثنين، 16 سبتمبر 2024 - 21:23
ثروت سويلم، رجل نجح مهنيا، وتمكن من الوصول لأعلى المناصب، بداية من عمله في الشرطة والوصول لرتبة اللواء ودخوله مجال كرة القدم عن طريق الاتحاد المصري لكرة القدم لسنوات عديدة وأخيرا الانضمام لرابطة الأندية المصرية.
بالإضافة إلى ما سبق، فإن سويلم هو عضو بمجلس النواب المصري ما يعني بلوغه قمة الهرم سياسيا ورياضيا.
لو لم يكن سويلم ناجح مهنيا، لما وصل إلى تلك المناصب ولا بد أنه يملك مهارات كثيرة، بالتأكيد ليس بينها الحديث للإعلام.
في كل مرة يتحدث فيها ثروت سويلم للإعلام، يتسبب في سوء فهم أو مشكلة كبيرة أو على أقل تقدير لا يعطي الإضافة المرجوة منه كمسؤول في كرة القدم كل المطلوب منه هو التوضيح أو الإعلان عن قرار معين.
مهارة الحديث الإعلامي واحدة من أهم المهارات المطلوبة لأي شخص في العمل العام، عليك أن تتقنها أو تعمل في صمت لكي لا تتسبب في مشكلة دون داع يذكر.
وفي هذا المقال سنتحدث عن بعض تصريحات ثروت سويلم والتي تسببت في بعض المشكلات.
""مرتضى منصور حريص على تتويج الزمالك ببطولة لذلك سيكون حكام المباراة النهائية مصريين"".
قبل نهائي كأس مصر 2018 كان هناك خلاف حول ما إذا كان طاقم تحكيم المباراة سيكون مصريا أم أجنبيا ليخرج سويلم قبل المباراة ويقول إن الطاقم سيكون مصريا.
هل من الطبيعي أن يقول مسؤول باتحاد الكرة إننا قد عينا حكم بعينه بناء على طلب أحد الأندية؟
بكل تأكيد هذا تصريح لا يعقل ولا يمكن أن يخرج من مسؤول حتى لو كانت نيتك سليمة فهو تصريح غير طبيعي، حتى بعدما حاول سويلم إصلاح الخطأ فيما بعد عندما قال إن هناك اختلاقات بين وجهات النظر ولكن في النهاية اتحاد الكرة هو من سيصدر القرار النهائي.
بالفعل تم تعيين محمد فاروق حكما للمباراة وفاز الزمالك وبالتالي كان فاروق عرضة للضغوط والنقد والتشكيك باحتساب هدف فوز الزمالك، ليس لشيء إلا ضغط وضعه فيه سويلم قبل حتى تعيينه.
""يجب أن تعمل حساب للأهلي والزمالك، والإسماعيلي بجماهيره، الأندية الشعبية لها حسابات في التعامل"".
""الوضع الطبيعي لازم تعمل مجاملات أو حسابات للأهلي نادي القرن والوضع الطبيعي في وجود المستشار رئيس للنادي تعمل حسابات في التعامل معه"".
أي مشجع أو متابع لكرة القدم قد يميل لكفة الأندية الشعبية على حساب أندية الشركات ولكن هذا شيء يخص الجماهير، كمسؤول أنت ارتضيت تواجد أندية الشركات لذلك يجب أن تعاملها كأي فريق آخر من الأندية الشعبية وأن تطبق مبادئ المساواة على الجميع سواء في القرارات أو التصريحات لأن المساواة هي أكبر شيء تفتقده الكرة المصرية على مدار تاريخها.
""وجود الزمالك في بطولة السوبر إضافة كبرى لكن حتى الآن لم يحدث أي جديد. مشاركة الفريق في البطولة بشكلها الجديد واردة مع تغيير مجلس الإدارة"".
""ربما يحب الكل أن يكون هناك جديد في التعامل مع الزمالك بعد تغيير الإدارة"".
""الإدارة الجديدة ربما ستقول أننا لم نعتذر عن النسخة الماضية ونريد بدء صفحة جديدة"".
""كان يجب صدور القرار بعقوبة الزمالك بعد انسحابه من النسخة الماضية لبطولة السوبر وهذا لم يحدث فهذا وكأنك تركت جزء من الباب مفتوحا"".
الزمالك كان قد اعتذر عن عدم خوض كأس السوبر المصري 2022 بالتالي أصبح ممنوعا من المشاركة في النسخة التالية حسب اللوائح ولكن في كل مرة كان يتحدث ثروت سويلم عن إمكانية مشاركة الزمالك بعد تغيير مجلس الإدارة ولأن وجوده تسويقيا مهم للبطولة.
بكل تأكيد مشاركة الزمالك تسويقيا مهمة لأي بطولة مصرية بسبب جماهيره الكبيرة ولكن ما علاقة ذلك بتطبيق اللوائح، هل اللوائح تختلف عندما يكون الفريق جماهيريا أو لا؟ وما علاقة تغيير مجلس إدارة الزمالك بموقفه من المشاركة في السوبر، في النهاية العقوبة كانت ضد الكيان وليس مجلس الإدارة.
في النهاية لم يتطرق الكثيرون لتصريحات ثروت سويلم كون اللوائح قد نفذت بشكل طبيعي ولم يشارك الزمالك في البطولة، ولكن كالعادة التصريحات جانبها التوفيق واعتبرت كمجاملة للنادي رغم إنه لم يستفد شيء.
""أتعجب من الحديث عن مجاملة الأهلي. الزمالك أيضا تأجل له مباريات ولكن بقدر أقل لأن مشاركات الأهلي الخارجية تفوقه. رابطة الأندية ونظامها لعب دورا في فوز الفريقين بدوري الأبطال والكونفدرالية"".
""إصرار الزمالك على موقفه؟ ""مفيش حاجة اسمها كده وكل واحد يقول اللي هو عايزة وفي النهاية في إدارة محترمة تحكمها لوائح ونظام لازم يتطبق"".
""مع احترامي لنادي الزمالك ولكنه بعيد عن المنافسة حتى يتحدث عن ضرورة اللعب بترتيب المباريات. نحن نعاني من ضيق الوقت ونحاول الوصول إلى أفضل نظام لتسيير المسابقة"".
الزمالك قرر عدم استكمال الدوري بعد الخسارة من المصري في الموسم الماضي لأنه يرى أن الفريق قد تعرض لظلم تحكيمي كبير مع عدم وجود مساواة في ترتيب المباريات وبالفعل اعتذر الفريق عن عدم مواجهة الأهلي كاعتراض على عدم تنفيذ مطالبه.
ولأول مرة لا يتحدث ثروت سويلم بنبرة المجاملة لأحد الفرق ولكنه أيضا تسبب في مشكلة جديدة ولكن تلك المرة دخل في صدام مباشر مع الزمالك.
مجلس إدارة الزمالك اعتبر تصريحات سويلم إهانة للنادي لأنه قال إن الزمالك خرج من المنافسة على الدوري ولا يحق له الاعتراض وتحولت المشكلة من رغبة الزمالك في تنفيذ بعض المطالب لدخول النادي في صدام مع أحد أعضاء رابطة الأندية قبل أن يعتذر ثروت سويلم عن تصريحاته التي تم فهمها بشكل خاطئ كما أشار.
""إذا أمن العقاب أساء الأدب. هذا زمن أندية البيانات وكل من استيقظ صباحا يصدر بيان. الإساءة لاتحاد الكرة والرابطة غير مقبولة، ويجب أن يكون هناك رد فعل عنيف ضد من كتب هذا الكلام"".
""من كتب البيان هو أحد العاملين بالنادي ويريد أن يظهر لملاكه أنهم ""رجال"" ويهاجموا الرابطة واتحاد الكرة"".
أساس عمل هؤلاء الأشخاص هو الاستفادة المادية من ملاك النادي، وبالتالي لا يعنيهم الأمر ولذلك أقول أن من أمن العقاب أساء الأدب"".
""إنهم يتربحون من ملاك النادي وبمبالغ خيالية، ويريدون أن يصوروا للملاك أنهم يحاربون من الرابطة لكي لا يفوزوا بالدوري"".
بعد القرار بإستكمال مباراة سموحة وبيراميدز الشهيرة من حيث توقفهما والتي لم تستكمل بسبب حريق في استاد الإسكندرية اعترض بيراميدز على القرار لرغبة النادي في اعتباره فائزا كون الأزمة حدثت في ملعب سموحة المضيف.
بعد بيان بيراميدز الاعتراضي خرج ثروت سويلم وهاجم إدارة بيراميدز وأتهمهم أن الإدارة هدفها فقط التربح المالي من الملاك بدون وجه حق أو بدون النظر لمصلحة النادي.
ما علاقة رد سويلم على إدارة بيراميدز بقرار رابطة الأندية، قد ترى أن إدارة بيراميدز مخطئة في بيانها وقد يرد المسؤولين عن البيان بشكل طبيعي سواء بقرارات تأديبية إذا لم يعجبك محتوى البيان أو عن طريق اللوائح بدلا من شخصنة الأمور وتحويلها من أمر رياضي إلى الدخول في زمم الناس وإحداث ضجة وصراع من لا شيء ولحسن الحظ لم يرد أعضاء بيراميدز على تصريحات وإلا كانت الأزمة ستضخم بشكل أكبر.
""نهائي كأس مصر بدون الأهلي والزمالك لم يكن بالشكل الذي يتمناه الجمهور. من الوارد تغيير لائحة المشاركة في كأس مصر من أجل مصلحة البطولة وليس لمجاملة الأهلي لكي يشارك في الكأس الموسم المقبل"".
من جديد يتحدث ثروت سويلم حول ضرورة تواجد نادي معين في بطولة على الرغم من أن ذلك يخالف اللوائح.
الأهلي اعتذر عن عدم خوض بطولة كأس مصر في نسخته الماضية بسبب ضرورة حصول لاعبيه على راحة وهذا من جديد يعني أنه لن يشارك في النسخة التالية حسب اللوائح مثلما حدث مع الزمالك في السوبر.
وبدون أسباب أو مناسبة، يخرج ثروت سويلم ويتحدث عن إمكانية تغيير اللوائح لمشاركة الأهلي على الرغم من أن النادي لم يطلب والبطولة حتى لم يقترب موعدها، فلماذا التبرع بتصريحات تثير اللغط.
ثروت سويلم لا علاقة به بكأس مصر من الأساس كونه عضوا في رابطة الأندية وليس في اتحاد الكرة، لذلك فهو غير مسؤول عن تنظيم كأس مصر أو لوائحه أو أي شيء، فكيف يتحدث عن البطولة وتغيير اللوائح وهو غير مسؤول عن البطولة من الأساس، ولماذا دائما يرتبط حديث ثروت سويلم بمجاملة الأندية التي تجد نفسها في موضع اتهام بمجاملة لم تنلها من الأساس.
""الأغلب سيكون الدوري كما هو بنفس نظامه، وكل الأندية سترفض إقامة الدوري بأي شكل آخر وستظل أزمة الدوري المصري لسنوات طويلة والموسم لن ينتهي قبل شهر سبتمبر عام 2025"".
أمس الأحد، كشف سويلم عن اقتراب خوض دوري الموسم الجديد بشكله المعتاد بنظام دورين ومجموعة واحدة وحذر من أن ذلك سيجعل الموسم ينتهي في شهر سبتمبر من العام المقبل.
وفقا لرابطة الأندية، فإن الدوري الجديد سيبدأ في الأسبوع الأخير من شهر أكتوبر وفي حالة خوضه بالشكل الطبيعي ونهايته في سبتمبر التالي يعني أن الدوري سيستمر 11 شهرا.
هل من الطبيعي أن يستمر دوري عادي من 34 جولة لمدة 11 شهرا؟
إذا أجرينا مقارنة سريعة بين حالة فرق الدوري المصري والدوريات الأوروبية من حيث المواعيد سنجد أن الدوريات الأوروبية تلعب عدد مباريات أكبر بكثير.
على سبيل المثال سنجعل الأهلي هو طرف المقارنة، سيلعب 34 مباراة في الدوري المصري و3 مباريات بحد أقصى في بطولة إنتركونتيننتال و12 مباراة من دور المجموعات حتى نهاية دوري أبطال إفريقيا ومباراتين بكأس السوبر المصري سيتم لعبهم قبل بداية الموسم على الأرجح. إجمالي 56 مباراة على الأكثر.
وسنضع ريال مدريد كطرف المقارنة الثاني، سيلعب مباراة ببطولة إنتركونتينيننتال و18 مباراة بحد أقصى في دوري أبطال أوروبا و6 مباريات بحد أقصى في كأس ملك إسبانيا ومباراتين بكأس السوبر الإسباني بالإضافة إلى كون الدوري الإسباني مكون من 38 جولة وليس 34 وستجد هنا أن ريال مدريد سيخوض عددا أكبر بكثير من الأهلي أكثر فريق قد يخوض مباريات في مصر ثم سيلعب كليهما كأس العالم للأندية بشكل طبيعي بعد نهاية الموسم. إجمالي 65 مباراة على الأكثر.
في مصر يقول ثروت سويلم إن بهذا الشكل سينتهي الدوري في شهر سبتمبر، أما في إسبانيا وأوروبا سينتهي الدوري بشكل طبيعي في مايو، هل من المعقول أن نبدأ الدوري المصري بعد الدوريات الأوروبية بشهرين وننهيه بعد نهاية الدوريات بأربعة أشهر؟
مع العلم أن الدوري المصري لن يتخلله أي بطولات قارية طويلة لمنتخب مصر أو الأهلي أو الزمالك أو غيرهم فلن يتوقف الدوري في أي مناسبة لمدة طويلة فلماذا قد يمتد لكل تلك الفترة الطويلة حسب تصريحات ثروت سويلم.
الخلاصة هي أننا نريد بالفعل خوض موسم استثنائي في الدوري المصري ولكن لكي تكون مواعيده في المواسم التالية متماشية مع مواعيد باقي دوري العالم وليس من أجل أن ننهي الدوري في 8 أشهر على أقصى تقدير، لأن تلك المدة هي الطبيعية أو حتى لدوري يلعب من 34 جولة فقط مثل الدوري الألماني الذي يبدأ بشكل متأخر عن باقي الدوريات الكبرى ويحصل على فترة راحة طويلة في نصف الموسم وينتهي بشهر مايو بشكل طبيعي.
التصريحات السابقة هي أمثلة فقط على تصريحات كثيرة لم يكن ثروت سويلم فيها موفقا سواء في إحداث سوء فهم أو حتى في الإدلاء بتصريحات غير واقعية وكان يتم نفيها في الكثير من الأوقات مع خروج القرارات الرسمية.
الخلاصة هي أن ثروت سويلم رجل مسؤول في الكرة المصرية، مثله مثل العديد من المسؤولين الذين يمارسون مهام عملهم وينجحون في بعضها ولا يوفقون في أخرى ولكن تظل مشكلته الأكبر دائما في كثرة التصريحات التي لا تعبر عن الواقع فتدخله في المشكلات، وذلك فنحن ننادي السيد سويلم. أرجوك كفاك تصريحات، فنحن لدينا ما يكفي من إثارة في الكرة المصرية بالفعل دون الحاجة للغط تصريحاتك.
ومع تلك التصريحات المتضاربة يجب أن يكون لرابطة الأندية ولاتحاد الكرة متحدثا رسميا لكل منهما، لا يخرج أحد غيره للحديث عن القرارات التي تخصمها ويوضح ما يريد الإعلام استيضاحه ولا يجب أن يتحدث كل مسؤول بما يراه صحيحا دون النظر إلى ما إذا كان كلامه سيتم تنفيذه أو لا، لأن المشاهد يهتم فقط بالقرارات الرسمية وليس فيما يفكر فيه المسؤولين عن كرة القدم ولأن ذلك التفكير بصوت عالي يحدث أحيانا نوعا من اللغط بين القرارات الرسمية وما يفكر فيه المسؤول."
الكرة الإفريقية,"يقدمFilGoal.comتغطية حية ومباشرة لمباراة صنداونز ضد الأهلي في ذهاب نصف نهائي دوري أبطال إفريقيا.
ويستعد الأهلي للقاء صنداونز في ذهاب نصف نهائي دوري أبطال إفريقيا، ملعب لوفتوس فيرسفيلد.
وكان الأهلي قد تخطى عقبة الهلال السوداني بالفوز بنتيجة 1-0 في كل مباراة ذهابا وإيابا.
وانتصر صنداونز على الترجي التونسي بنتيجة 1-0 في مجموع المباراتين للوصول للمربع الذهبي.
ق 90+2: انفراد بنشرقي وهدف للأهلي لكن الحكم المساعد يشهر راية التسلل
ق 89: تغييران للأهلي بمشاركة أكرم وبنشرقي بدلا من رضا وجراديشار
ق 71: جوووول أووووول ولكن جراديشار والحكم يشهر راية التسلل على داري
ق 59: مطالبات بركلة جزاء بداعي وجود لمسة يد على مدافع صنداونز بعد رأسية طاهر
ق 44: عرضية إمام ورأسية من جراديشار ترتطم بالقائم الأيسر لصنداونز
ق 37: ركنية خطيرة من لوكاس ريبيرو يبعدها الشناوي بقبضة يده قبل أن تسكن الشباك
ق 34: تصويبة من لوكاس ريبيرو تمر بجوار القائم دون خطورة على مرمى الشناوي
ق 30: رأسية إمام سهلة في يد الحارس بعد عرضية محمد هاني
ق 20: تمريرة بينية من رضا لجراديشار في عمق دفاع صنداونز لكن ويليامز يخرج ويشتت الكرة في الوقت المناسب قبل السلوفيني.
ق 15: تصويبة قوية من إمام في منتصف المرمى يتصدى لها ويليامز بثبات
ق 10: تصويبة قوية من موكوينا تمر بسلام أعلى العارضة"
كرة السلة الأمريكية,"نجح لوس أنجلوس كليبرز في الفوز على دنفر ناجيتس في سلسلة الدور الأول من الأدوار الإقصائية للقسم الغربي من دوري كرة السلة الأمريكية NBA.
وفاز كليبرز ليعادل السلسلة وتصبح نتيجتها 1-1، وذلك بعدما انتصر بنتيجة 105-102.
وشهدت المباراة تألق كواي ليونارد نجم لوس أنجلوس كليبرز الذي سجل 39 نقطة.
على الجانب الآخر سجل نيكولا يوكيتش نجم دنفر ناجيتس 26 نقطة.
في مباراة أخرى في القسم الشرقي نجم ديتوريت بيستينز في معادلة السلسلة مع منافسه نيويورك نيكس بالفوز عليه بنتيجة 100-94، لتصبح السلسلة نتيجهتها 1-1.
وتألق كيد كانينجهام نجم ديترويت وسجل 33 نقطة، وأكمل 12 متابعة.
بينما سجل جالين برونسون نجم نيويورك نيكس 37 نقطة في المباراة."
الكرة المصرية,"يرغب الاتحاد المصري لكرة القدم في إسناد مباراة الزمالك وبيراميدز في نهائي كأس مصر لطاقم تحكيم مصري.
وحدد اتحاد الكرة يوم 20 مايو المقبل موعجدا لمباراة الزمالك وبيراميدز في نهائي كأس مصر.
وحسبما علمFilGoal.comفإن اتحاد الكرة يرغب في إسناد مباراة الزمالك وبيراميدز في نهائي كأس مصر لطاقم تحكيم مصري، لكنه لا يمانع استقدام طاقم أجنبي حال طلب أحد الناديين ودفع القيمة المالية.
وعلمFilGoal.comفي وقت سابق أن بيراميدز قد تقدم باعتراض على موعد المباراة لعدم تكافؤ الفرص، إذا سيحصل الزمالك على راحة لمدة 7 أيام بينما يخوض بيراميدز مباراة في الدوري يوم 17 مايو.
ويتلقي بيراميدز مع بتروجت يوم 17 مايو في الدوري، بينما يلعب الزمالك مباراه الأخيرة ضد بيراميدز يوم 13 في الدوري قبل مواجهته من جديد في الكأس.
وتأهل الزمالك وبيراميدز لنهائي كأس مصر 2024-25، بالتفوق على سيراميكا كليوباترا والبنك الأهلي على الترتيب.
وكشف اتحاد الكرة عبر حسابه الرسمي عن إقامة المباراة يوم 20 مايو.
وذكر الاتحاد أنه سيتم تحديد ملعب المباراة وكافة الترتيبات في وقت لاحق.
ويأتي تحديد ذلك الموعد بعد خروج الزمالك وبيراميدز من دور المجموعات لبطولة كأس عاصمة مصر (كأس الرابطة).
ومن المقرر أن يقام إياب ربع نهائي كأس العاصمة يوم 20 و21 مايو.
وكان مصدر من اتحاد الكرة كشف سابقا عن تأخر موعد الإعلان لـFilGoal.com: ""لم نحدد موعد نهائي كأس مصر لعدة أسباب أبرزها معرفة موقف بيراميدز من المشاركة القارية"".
وتأهل بيراميدز إلى نصف نهائي دوري أبطال إفريقيا لمواجهة أورلاندو بايرتس الجنوب إفريقي.
ويلتقي بيراميدز أمام أورلاندو بايرتس في ذهاب نصف نهائي الكأس يوم السبت 19 إبريل، قبل خوض مواجهة الإياب يوم الجمعة 25 إبريل.
ويقام نهائي دوري أبطال إفريقيا يومي 24 مايو و1 يونيو.
وفي حالة تأهل بيراميدز إلى المباراة النهائية سيلتقي أمام الفائز من مواجهة الأهلي أمام صنداونز الجنوب إفريقي.
وفي مسابقة الدوري، من المنتظر أن ينهي بيراميدز مشواره في الدوري المصري بلقاء سيراميكا كليوباترا يوم 28 مايو المقبل.
بينما يختتم الزمالك موسمه بلقاء فاركو في الأول من يونيو المقبل."
الكرة الإفريقية,"أكد نادي بيراميدز أن ثنائي الفريق رمضان صبحي وفيستون ماييلي لم يتعرض للطرد عقب مباراة أورلاندو بايرتس الجنوب إفريقي.
وقال المصدرلـFilGoal.com:""لم يتم طرد رمضان صبحي أو فيستون ماييلي عقب مباراة أورلاندو"".
وأضاف ""الثنائي حصل على إنذار فقط وهذا ما تم تسجيله في تقرير الحكم"".
وتعادل بيراميدز مع منافسه أورلاندو بايرتس بدون أهداف في المباراة التي جمعتهما في ذهاب دور نصف النهائي من بطولة دوري أبطال إفريقيا.
وأقيمت المباراة على ملعب سوكر سيتي في جنوب إفريقيا.
وشهدت المباراة إثارة كبيرة من بيراميدز الذي سجل هدفين عن طريق فيستون ماييلي وصديق أوجولا لكن لم يحتسبا.
ويلعب بيراميدز ضد أورلاندو بايرتس يوم الجمعة المقبل الموافق 25 أبريل الجاري في مباراة العودة لنصف نهائي دوري أبطال إفريقيا.
وتنطلق المباراة في تمام الساعة التاسعة مساء بتوقيت القاهرة."
كرة يد,"كشف نادي الزمالك عن أسباب رحيل ماركو ماركيس مدرب حراس مرمى فريق اليد الذي نشر رسالة غامضة بشأن رحيله عن مصر.
وأوضح الزمالك أن مدرب حراس المرمى قد وقع على مخالصة مالية بعد إنهاء تعاقده بشكل ودي.
وكشف شريف صفوت المنسق العام لشؤون المدربين واللاعبين الأجانب بنادي الزمالك في تصريحاته صحفية: ""ماركو ماركيس فسخ تعاقده بالتراضي"".
وتابع ""النادي جهّز تذاكر الطيران للمدرب ذهابا وإيابا بتاريخ 30 مايو وهو موعد نهاية تعاقده، لكن المدرب فاجأ الجميع بطلب فسخ العقد مبكرا بسبب ظروف أسرية"".
وأضاف ""ماركيس طلب تعديل موعد رحيله عن مصر قبل نهاية عقده، وهو ما كان سيكلف خزينة النادي نحو 70 ألف جنيه، وهو ما رفضه النادي، مطالباً المدرب بتحمل تكلفة التعديل على نفقته الخاصة، الأمر الذي قوبل بالرفض"".
واختتم صفوت تصريحاته ""ماركيس رفض حضور مباراة الزمالك والأهلي في نهائي الكأس رغم تواجده في مصر وتم رفع الأمر إلى مجلس الإدارة، ويتبقى للمدرب شهر ونصف من مستحقاته المالية، سيتم صرفها بنهاية التعاقد وفقا لما ينص عليه العقد بعد تطبيق الغرامة المالية الموقعة عليه بسبب غيابه عن مواجهة نهائي الكأس"".
ولم ينته موسم الزمالك في كرة اليد إذ يتبقى المنافسة على بطولتي السوبر الإفريقي وكأس الكؤوس الإفريقية.
وكشف ماركوس ماركيس مدرب حراس مرمى الزمالك لكرة اليد عبر حسابه الشخصي ""مشجع أهلاوي ساعدني أنا وعائلتي للوصول بسلام إلى كرواتيا"".
وتابع ""أشكره على ذلك وعندما أتأكد أن عائلتي في أمان سأتحدث عن طل شيء بخصوص الزمالك"".
وكان ماركوس قد انضم إلى الجهاز الفني بقيادة الإسباني فرناندو باربيتو المدير الفني للفريق.
ولم يكشف ماركوس تفاصيل رحيله عن مصر إلى كرواتيا موضحا حديثه في وقت لاحق.
وخسر الزمالك هذا الموسم لقب بطولتي الدوري وكأس مصر أمام الأهلي."
سعودي في الجول,"استبعد ستيفانو بيولي مدرب نادي النصر، البرتغالي كريستيانو رونالدو من مواجهة ضمك.
ويحل النصر ضيفا على ضمك مساء الثلاثاء ضمن الجولة 29 من الدوري السعودي.
واستبعد بيولي، رونالدو بحيب صحيفة الرياضية، تجنا للإرهاق إذ يرتبط الفريق بمواجهة قوية بعد 3 أيام ضد يوكوهاما مارينوس الياباني.
ويلعب النصر ضد يوكوهاما مارينوس اليباني يوم السبت المقبل ضمن ربع نهائي دوري أبطال آسيا للنخبة.
فيما سيعتمد بيولي على الجناحين البرازيليين أنجيلو جابرييل وويسلي أمام ضمك في غياب رونالدو.
ويحتل نادي النصر المركز الثالث في جدول ترتيب الدوري السعودي برصيد 57 نقطة.
فيما يتواجد ضمك في المركز الـ11 بجدول الترتيب برصيد 31 نقطة."
الدوري الإنجليزي,"كشف ميكيل أرتيتا مدرب أرسنال مستجدات إصابة لاعبه بوكايو ساكا.
وأصيب ساكا في فوز أرسنال على إبسويتش تاون 4-0 يوم الأحد ضمن الجولة 33 من الدوري الإنجليزي.
وقال أرتيتا في تصريحات للصحفيين: ""علينا أن ننتظر كيف يظهر ساكا في تدريبات الثلاثاء، ولكن لا يوجد شيء خطير"".
وأضاف المدرب الإسباني ""إذا أردنا الاستعانة بساكا أمام كريستال بالاس يوم الأربعاء ستكون هناك فرصة جيدة"".
ويحل كريستال بالاس ضيفا على المدفعجية ضمن الجولة 34 من الدوري الإنجليزي مساء الأربعاء.
وتابع أرتيتا ""الدفع بالبدلاء أمام كريستال بالاس؟ لا يمكنني التفكير بهذه الطريقة، في حالة جاهزية أي لاعب فيجب عليه اللعب"".
وخرج ساكا مصابا في الشوط الثاني متأثرا بتدخل عنيف من ليف ديفيز لاعب إبسويتش الذي تحصل على بطاقة حمراء.
وكان بوكايو قد عاد مؤخرا من إصابة طويلة أبعدته عن الملاعب لأكثر من 3 أشهر.
سيحاول أرسنال الحفاظ على نجمه قبل أسبوع من المواجهة المرتقبة ضد باريس سان جيرمان في ذهاب نصف نهائي دوري أبطال أوروبا."
الكرة المصرية,"تسلم النادي الأهلي مكافأة الحصول على لقب كأس القارات الثلاث بعد فوزه على العين الإماراتي.
وفاز الأهلي على العين 3-0 ليتوج بكأس بطولة أبطال القارات الثلاث آسيا وإفريقيا والمحيط الهادئ.
وحسبما علمFilGoal.comفإن الأهلي تسلم 2.5 مليون دولار مكافآة فوزه بكأس القارات الثلاث على حساب العين الإماراتي.
وينتظر الأهلي نهاية الشهر الجاري وصول قيمة الدفعة الأولى من مستحقاته نظير المشاركة في كأس العالم للأندية التي يصل مجموعها لـ 9.5 مليون دولار.
وسيتسلم الأهلي مبلغ الـ9.5 مليون دولار على دفعات تبدأ من نهاية شهر أبريل الجاري.
ويستعد الأهلي للمشاركة في بطولة كأس العالم للأندية المقرر اقامتها في الولايات المتحدة الأمريكية."
الكرة الأوروبية,"كشفت صحيفة تليجراف عن احتمالية إقالة أنجي بوستيكوجلو المدير الفني لـ توتنام.
وحسب صحيفة تليجراف فإن إقالة بوستيكوجلو واردة في أي حالة عقب انتهاء الموسم حتى إذا توج بالدوري الأوروبي.
ووصل توتنام إلى نصف نهائي الدوري الأوروبي بعد الفوز على أينتراخت فرانكفورت بهدفين مقابل هدف بمجموع المباراتين.
ويقدم مدرب سيلتك السابق موسما سيئا على المستوى المحلي.
ويحتل توتنام المركز الـ16 في جدول ترتيب الدوري الإنجليزي برصيد 37 نقطة."
الدوري الإنجليزي,"يعتقد روبن دياش مدافع مانشستر سيتي أن معركة التأهل لدوري أبطال أوروبا الموسم المقبل ستكون حامية الوطيس.
ويلعب مانشستر سيتي ضد أستون فيلا ضمن الجولة 34 يوم الثلاثاء في مباراة مرتقبة في هذا الصراع.
وقال روبن دياش في تصريحات نشرها موقع ناديه: ""ستكون المنافسة على التأهل لدروي الأبطال حامية، وفي النهاية سيحسمها من يرغب في التأهل أكثر"".
وأضاف ""نعلم أن المنافسة لن تكون سهلة، لكننا نناضل من أجل هذا التأهل، سنبذل قصارى جهدنا لتحقيق ذلك"".
وتابع البرتغالي ""لم يكن هذا أفضل موسم لنا على العديد من المستويات، لكننا نتعلم الدروس ونتطلع إلى المستقبل"".
ويسعى رفاق عمر مرموش لإنهاء الموسم ضمن المراكز الخمسة الأولى، وبالتالي ضمان التأهل لدوري أبطال أوروبا الموسم المقبل.
إذ يلعب مانشستر سيتي ضد كل من: أستون فيلا (داخل) - وولفرهامبتون (داخل) - ساوثامبتون (خارج) - بورنموث (داخل) - فولام (خارج)."
الدوري المصري,"أوضح مصدر مقرب من أحمد سيد ""زيزو"" لاعب الزمالك أنه لا يمانع استكمال الموسم مع الأبيض.
وقال المصدرلـFilGoal.com:""زيزو يتدرب بشكل مستمر في الوقت الحالي منتظرا تحديد موقفه مع الزمالك وهو لا يرفض استكمال الموسم مع الزمالك ولكن بعد الحصول على الضمانات المطلوبة"".
وأضاف ""في حالة عودته للتدريبات فهو جاهز لذلك وللمشاركة بشكل طبيعي في المباريات مع الزمالك، وإذا لم تحل الأزمة فسيكون جاهزا للمشاركة مع الفريق الجديد الذي سينتقل له في الموسم المقبل"".
وأتم تصريحاته ""زيزو لاعب محترف ويعرف كيف يحافظ على جاهزيته ويتدرب مع مدرب خاص بشكل يومي"".
كشف مصدر من نادي الزمالك في وقت سابقلـFilGoal.comعن حقيقة المستحقات المالية المتأخرة للاعب أحمد سيد زيزو، والتي يقدرها اللاعب بقرابة 73 مليون جنيه.
وقال المصدر في تصريحاته لـFilGoal.com: ""قيمة عقد اللاعب تبلغ 55 مليون جنيه بعد خصم الضرائب والرسوم المستحقة للدولة. إجمالي قيمة العقد بما يشمل الضرائب والرسوم تصل إلى 84 مليون جنيه وهو ما تم تدوينه في البند الأول كإجمالي لقيمة العقد عن المواسم الـ 3"".
وأضاف ""اللاعب يتقاضى 15 مليون جنيه في الموسم الأول، و20 في كل من الثاني والثالث، وذلك وفقا للبند الثامن من الشروط الخاصة، والذي يضمن حصول اللاعب على القيمة الصافية بعد خصم الضرائب حفاظا على حقوقه في حال حدوث أي زيادات مستقبلية في نسب الضرائب"".
وأوضح ""اللاعب ووكيله يحاولان إثارة البلبلة، حيث يطالب باعتبار البند الثامن كمكافأة إضافية، متغافلا أن هذا البند مجرد توضيح لقيمة العقد الإجمالية بعد الضرائب، وليس بندا مفصلا للمكافآت"".
وأكمل ""المستحقات المتأخرة للاعب عن الموسم الأخير تبلغ 9 ملايين جنيه قبل استقطاع الضرائب ونسبة المشاركة والعوائد الإعلانية التي يحق للنادي منها نسبة 20%، كما سيتم استقطاع مبالغ مالية نتيجة غياباته المتكررة"".
واختتم ""هذا المبلغ سيظل معلقاً لحين البت فيه من قبل الجهات المختصة، وفقا للوائح والقوانين المنظمة لهذا الشأن"".
وكان FilGoal.com قد كشفحقيقة سقوط مستحقات زيزو المُطالب بها بالتقادم. وكذلكتقدير زيزو للمكافآت الإضافية داخل العقد.
وينتهي تعاقد زيزو مع الزمالك بنهاية الموسم الجاري ويحق له الانتقال لأي فريق بشكل مجاني بداية من الموسم المقبل.
وقال مصدر مقرب من اللاعب لـFilGoal.com: اللاعب أرسل إنذارا للزمالك يطالب فيه بمستحقاته المتأخرة"".
وأضاف ""زيزو يرغب في الحصول على 50 مليون جنيه بنود إضافية في وجود المجلس السابق لم يحصل عليها إضافة إلى مستحقاته المتأخرة التي تتراوح من 16 إلى 20 مليون جنيه، فيما يرى الزمالك أن مستحقات اللاعب المتأخرة تبلغ 9 ملايين جنيه فقط"".
وكان الزمالك قدر أرسل خطابا مسجلا بعلم الوصول إلى أحمد سيد زيزو لاعب الفريق، لإخطاره بالتغيب عن حضور النادي لخوض التدريبات والمباريات منذ يوم 10 أبريل الجاري، وإبلاغه بالعقوبات الموقعة عليه بسبب هذا الغياب.(طالع التفاصيل)
وأعلن الزمالك في بيان في وقت سابق عن وصول العلاقة بينه وبين اللاعب إلى طريق مسدود ونهاية علاقته بالفريق عقب نهاية تعاقده.
كما أعلن مجلس إدارة نادي الزمالك من قبل تحويل زيزو للتحقيق نظرا للتصريحات الإعلامية المسيئة للنادي، وفقا لبيان النادي الأبيض.
قبلها كشف مصدر من النادي الأبيض عن استبعاد زيزو من مباراة ستيلينبوش الجنوب إفريقي في كأس الكونفدرالية، بعد علم مسؤولي النادي بتوقيعه للأهلي منذ 12 مارس."
الدوري المصري,"ينتظر نادي بيراميدز قرار مدربه كرونوسلاف يوريتشيتش بشأن تفعيل بند شراء صديق أوجولا.
ويلعب أوجولا مع بيراميدز على سبيل الإعارة قادما سيراميكا كليوباترا.
وحسبما علمFilGoal.comفإن قرار المدرب الكرواتي سيكون الحاسم بشأن تفعيل بند أحقية شراء أوجولا.
ويبلغ بند أحقية الشراء 2 مليون دولار وينتهي 30 أبريل الجاري، أي إذا لم يفعل بيراميدز البند قبل هذا الموعد فلن يتمكن من ضمه بهذا المبلغ.
ولعب أوجولا مع بيراميدز 20 مباراة خلال الموسم الجاري وتمكن من تسجيل 5 أهداف وصناعة 5 آخرين.
وتوج أوجولا بلقب كأس الرابطة المصرية على حساب فريق طلائع الجيش.
وبدأ أوجولا مسيرته في مصر مع سموحة إذ انضم له قادما من شوتينج ستارز النيجيري دون مقابل في صيف 2021.
وانتقل أوجولا إلى سيراميكا كليوباترا في صيف 2023 قبل أن يرحل إلى بيراميدز."
الكرة المصرية,"لا حديث يعلو فوق الحديث عن رحيل زيزو المؤكد من الزمالك والاقتراب من الانتقال إلى منافس الأبيض الأزلي الأهلي.
لكن كم مرة توجه الاهتمام إلى مستقبل الزمالك الإداري والكروي؟ بكل ثقة صفر، لا يوجد أي حديث عن مستقبل الزمالك الإداري، لماذا الإداري بالأخص؟ لأن ما يحدث في إدارات من قرارات حاسمة وتوفير الأجواء المساعدة للنجاح هو ما يطبق في أرض الملعب.
شبه مستحيل أن ينجح فريق في أرض الملعب بدون نجاح إداري، أعلم أن مشجع الزمالك سيقول حدثت من قبل مع فريقي كثيرا، لكن هذا يسمى استثناء، إلى متى ستذهب وراء الاستثناءات وتجعلها قواعد دون صناعة النظام الصارم حيث لا يوجد عاطفة؟
طيلة سنة ونصف الزمالك لا يملك المال لتجديد عقد زيزو الذي يعتبر بمثابة الوعد الانتخابي الأقوى لمجلس الإدارة الحالي، ثم عندما امتلك المال بعد رفض العديد من العروض الدولارية، كان زيزو قد ذهب بعيدا بسرعته الكبيرة، رغم جميع وعوده للجماهير، لنا عودة في هذه النقطة بالتحديد لاحقا.
تعاقبت وتغيرت إدارات الزمالك أكثر من عدد سنوات شاب عشريني، ولم تتعلم الدرس أبدا.
كم مرة راهنت إدارة الزمالك على ما يسمى انتماء ورغبة ووعود لاعب ما؟ منذ رضا عبد العال مرورا بمعتز إينو وطارق السعيد ومحمد صديق وإمام عاشور وحاليا يقترب زيزو.
العدد الصفر سيأتي إلى هنا مرة أخرى لأنه أكثر ما يمكن أن يعبر عن سوء إدارة الملفات، وليس ماليا فقط، لأني أعلم أن المشجعين العاطفيين سيوقولون لا يوجد المال اللازم أو اللاعب وعد بعدم رحيله للأهلي أو لن يرتدي قميص إلا الزمالك في مصر.
وفي النهاية تكتشف أنها وعود كاذبة، لكن أنت كمشجع من الممكن أن يتم خداعك من قبل اللاعب، لكن إدارة بحجم نادي مثل الزمالك، كيف يحدث ذلك؟
إذا يتم خداع إدارة الزمالك أكثر من مرة، فلماذا لا يدير مشجع ستيني للزمالك النادي لأنه يحبه دون أي مصلحة، لن يكون هناك أي فارق على الإطلاق، إذا كان المقدار هو ""الحب"".
الفارق بين الإدارة والمشجع، أن الأول يعلم مصلحة النادي أكثر كونه يعيش داخله ويعلم كيف يفكر هذا اللاعب وهذا المدرب.
عندما لا تتمكن من معرفة هذا الشيء ويتم خداعك من أي لاعب فعليك مراجعة عملك فورا، لأن هذا غير مقبول.
أكثر ما يحدث لصالح إدارة أي نادي أن غضب جماهيره ينصب فقط على اللاعب الذي يبحث عن مصلحته مهما كانت كلماته بحب النادي، لا تصدق اللاعب إلا عندما يعتزل، وهذا ما يطبق على أسطورة الزمالك وهدافه التاريخي عبد الحليم علي، الذي رفض قطعيا اللعب للأهلي بل لأي فريق مصري وفضل الاعتزال وظل في قلوب جميع مشجعي الزمالك ويحصل على تحية الجماهير في أي مناسبة.
نعود للاختباء، دون توجيه اللوم على الإدارة لن يحدث أي تطور للزمالك واليوم سيكون زيزو وغدا حسام وبعده محمد وهكذا، ستختلف الأسماء والسياسة المتبعة واحدة والرهان على لاعبين كرة القدم هي مهنتهم، وأنت لا تتبع طرق مختلفة، سوى أن هذا اللاعب خدعني، وذلك أقسم لي بعدم الرحيل، وآخر أقسم لي بنجلته بعدم لعبه لأي فريق غير الزمالك في مصر، هل هذا منطق؟
لا تحدث هذه الأشياء في أي ناد أو مؤسسة، حدة الكلمات تناسب عظمة الزمالك وتاريخه.
عندما نجح مجلس إدارة الزمالك في الانتخابات كان من المفترض أنه على علم بديون النادي والمشاكل التي يمر بها، كيف والمشجعين أنفسهم على علم بها!
في هذا الجانب، لا يوجد إلا حلين يقبلهم العقل، الحل الأول أن الإدارة لديها الحلول والأساليب السحرية للتغلب على هذه العقبة سواء بتحسين موارد النادي - الجملة التي يسمعها كل مشجع للزمالك طيلة حياته - أو ستتبع أسلوب علمي.
من الواضح أن الإدارة لا تملك الحل السحري والأسرع وهذا منطقي، ففي النهاية النادي ليس ملكية خاصة كي يصرف المالك ويحل الأمور.
لكن ما هو الحل الآخر؟ تتذكر عرض نادي نيوم من أجل زيزو الذي وصل إلى حوالي 6 ملايين دولار ورفضته إدارة الزمالك دون سبب منطقي، في هذا التوقيت ظن الجميع أن فقط أيام وسيجدد زيزو عقده وتنتهي هذه القصة أول عن آخر، لكنها كانت البداية.
الزمالك رفض العرض ولم يفعل أي شيء حتى شهر يناير الماضي وتلقى عرضا من الاتفاق السعودي حوالي 3 ملايين دولار ورفض أيضا، وسيرحل بنهاية الموسم الجاري مجانا.
دعني أقول لك إنني كنت رافضا لهذه العروض، لماذا؟ لأن طوال 3 فترات انتقالات صرف الزمالك الكثير من الأموال دون بناء فريق بجودة قوية، فريق الزمالك أضعف من الأهلي وبيراميدز فرديا وجماعيا.
التعاقد مع لاعبين أصحاب جودة ضعيفة وضم أكثر من 20 لاعبا ولا ينجح سوى 3-4 لاعبين، هذا ما جعل الجميع يرفض التفريط في زيزو، لأنك لا تستطيع التعاقد مع لاعبين أقوياء، وهذه وجهة نظر أتفق معها بشكل كامل.
ولكن ماذا لو كنت تملك لجنة التخطيط في وقت مبكر أو ما يساويها في عملها كمدير رياضي أو لجنة كرة، مهما كان المسمى؟ بالتأكيد بيع لاعب بهذا المبلغ الخيالي واستقطاب محترفين في قيمة أشرف بنشرقي وفرجاني ساسي وليس كونراد ميشالاك البولندي الكارثي.
بالتالي عندما كتبت أن المسألة ليس أموالا فقط، فأقصدها بالضبط، لأن لا توجد قاعدة بمن يصرف أكثر يفوز.
هذه الجملة ستنقلنا لناد بظروف مشابهة وعليه ديون بأكثر من 400 مليون يورو في وقت من الأوقات، ودائما ما يتبع رئيس هذا النادي هذه المقولة ويقولها كثيرا.
إذا قلت لك إن جيوزيبي ماروتا رحل من يوفنتوس بسبب رفضه التعاقد مع كريستيانو رونالدو ستقول ما هذا الجنون! رحل بسبب رفضه صفقة ضم رونالدو في أفضل أيامه من ريال مدريد إلى يوفنتوس؟ نعم رفضها وبسببها رحل.
ماروتا كان المدير الرياضي ليوفنتوس وقتها ورفض الصفقة كليا بسبب أنها ستؤثر على اقتصاد النادي وسيضطر لبيع أكثر من لاعب وبالتالي الجودة الجماعية ستنخفض وهذا أهم من امتلاك نجم وواحد من أفضل اللاعبين في تاريخ اللعبة مثل رونالدو، لأن كرة القدم لعبة جماعية وليست تنس.
رحل ماروتا، واغتنم الصيني ستيفين زهانج رئيس إنتر الفرصة ليقدم له عرض مقابل 3 ملايين يورو سنويا ويكون المدير الرياضي الأعلى أجرا في إيطاليا، ومقابل ذلك سيتحكم تحكم كلي في فريق كرة القدم بالنادي.
لم يحقق إنتر أي بطولة منذ 2011 حتى جاء ماروتا وسيطر على البطولات حتى جاءت جائحة كورونا، وتعرض إنتر بمالكه الصيني بأصعب ظروف مالية جعلته يترك لوكاكو وأشرف حكيمي والأهم أنطونيو كونتي المدرب.
هل سقط النادي؟ لا، بل فاز بالألقاب وبالدوري الـ19 مع كونتي والـ20 مع إنزاجي والوصول لنهائي دوري أبطال أوروبا 2023 بجانب عدة كؤوس إيطاليا والسوبر الإيطالي.
في هذه الفترة اعترضت جماهير إنتر واحتجوا أمام المقر الإداري لبيع لوكاكو وحكيمي ونجوم الفريق.
ماروتا رد قائلا على هذه الاعتراضات، ليس شرطا أن يفوز من يدفع أكثر، وتحققت هذه المقولة على أرض الملعب بالنتائج والأداء.
إنتر كان مديونا بأكثر من 400 مليون يورو واستمر بالتتويج بالبطولات تحت قيادة ماروتا الذي أصبح رئيس النادي حاليا.
ومن المتوقع أن خلال العام المالي الحالي أو المقبل أن تكون ميزانية إنتر بالإيجاب للمرة الأولى منذ سنوات عديدة مر خلالها بعقوبات كبيرة من الاتحاد الأوروبي لكرة القدم بسبب قانون اللعب المالي النظيف.
أي مر إنتر بظروف أصعب بكثير من الزمالك في الجانب المالي، لكن وجود إدارة ونظام في التعاقد مع اللاعبين وتعيين المدربين والإداريين تخطى إنتر هذه الصعاب.
هذا ما ينقص الزمالك في الأساس، لا تقول لاعبين أو مدربين أو أموال أو أو... فقط نظام إداري سيجعل كل شيء على ما يرام، وهذا ما يجب التركيز عليه من إدارة الفارس الأبيض، دون ذلك ستتكرر أزمة زيزو أكثر من مرة قريبا.
صحيفة كورييري ديلو سبورت نشرت عقب تأهل النيراتزوري لنصف نهائي دوري أبطال أوروبا أن أكثر 11 لاعبا يشارك في التشكيل الأساسي للفريق، هم ليسوا الأعلى قيمة سوقية في إيطاليا وليس أوروبيا حتى.
تشكيل إنتر الأساسي تبلغ قيمته السوقية 291 مليون يورو وهو رابع أكبر قيمة سوقية في إيطاليا، هل تتخيل هذا؟ يأتي يوفنتوس أولا بـ504 مليون يورو، ثم ميلان ثانيا بـ354.4 مليون يورو، وثالثا نابولي 350.4 مليون يورو.
أجرى أليساندرو باستوني حوارا بعد التأهل لنصف نهائي دوري أبطال أوروبا مع لا جازيتا ديلو سبورت وقال جملة تلخص الأمر: ""إنتر هو أقل الفرق الـ3 فرديا، لكن جماعيا يمكننا الفوز على أي فريق"".
هذه الجملة تعلمك أن عقلية ماروتا انتقلت إلى اللاعبين والفريق أن كرة القدم لعبة جماعية وليس بالأموال فقط، لكن بكيفية صرف الأموال القليلة التي تمتلكها، وهذا ما يفتقره الزمالك أكثر من الفقر المالي حقا.
دور لجنة التخطيط في الزمالك حاليا هام للغاية بما أنها مكلفة من مجلس الإدارة لتكوين فريق قوي دون رفاهية ضم لاعبين للتجربة."
الكرة الإفريقية,"حدد نهضة بركان المغربي سعر بيع أيوب خيري نجم وسط الفريق وسط اهتمامات الأندية الخارجية.
وانضم أيوب خيري إلى نهضة بركان من شباب الرجاء في صيف 2021 ويرتبط بتعاقد حتى صيف 2027.
وكشف موقع أفريكا فوت عن جذب لاعب وسط نهضة بركان اهتمام العديد من الأندية الكبرى خارج المغرب.
وأشار التقرير إلى رغبة ناديي مونبيلييه ولو هافر في فرنسا بجانب اتحاد جدة في السعودية وتقديم عروض جادة لضم أيوب خيري.
وأوضح التقرير أن نهضة بركان حدد سعرا مبدئيا بـ 5 ملايين دولار من أجل بيع اللاعب.
وحسم أيوب خيري لقب الدوري المغربي للمرة الأولى في تاريخ نهضة بركان قبل خمس جولات من النهاية.
كما قطع نهضة بركان شوطا نحو نهائي بطولة الكونفدرالية الإفريقية.
وكان نهضة بركان قد تغلب على شباب قسنطينة بأربعة أهداف دون مقابل في ذهاب نصف النهائي.
ولعب أيوب خيري 34 مباراة مع نهضة بركان هذا الموسم في مختلف المسابقات وساهم في 10 أهداف."
الدوري الإسباني,"كشفت صحيفة توتوسبورت الإيطالية عن وجود اهتمام من برشلونة بالتعاقد مع مويس كين لاعب فيورنتينا.
وأشارت الصحيفة إلى أن برشلونة يستهدف التعاقد مع مويس كين لخلافة روبرت ليفاندوفسكي الذي بلغ من العمر 37 عاما.
كشافو برشلونة تابعوا كين والأداء الذي يقدمه طوال الموسم ويرونه كتعاقد محتمل لتقوية الفريق.
وينتهي تعاقد ليفاندوفسكي مع برشلونة بنهاية الموسم المقبل ولذلك يبحث النادي عن مهاجم لخلافته.
وشارك كين منذ بداية الموسم الحالي بقميص فيورنتينا في 39 مباراة بجميع البطولات وتمكن من تسجيل 23 هدفا وصناعة 3 أهداف.
ويحتل برشلونة حاليا صدارة جدول ترتيب الدوري الإسباني بفارق 4 نقاط عن ريال مدريد صاحب المركز الثاني.
كما وصل الفريق لنصف نهائي دوري أبطال أوروبا ونهائي كأس ملك إسبانيا."
ميركاتو,"يسعى نادي مانشستر سيتي للحفاظ على برناردو سيلفا لاعب الفريق وتمديد تعاقده لموسم آخر.
برناردو سيلفا البالغ من العمر 30 عاما هو أحد المرشحين لمغادرة سيتي عقب نهاية الموسم الجاري.
وكشف موقع givemesport عن رغبة مانشستر سيتي في تمديد التعاقد لمدة موسم آخر.
وأشار التقرير إلى اهتمام فريقي بنفيكا وبرشلونة في ضم اللاعب البرتغالي.
وأوضح التقرير أن برناردو سيلفا الذي يحصل على راتب أسبوعي بقيمة 300 جنيه إسترليني لم يحسم موقفه من العروض المقدمة.
وتدرج برناردو في صفوف بنفيكا قبل الاحتراف في صفوف موناكو عام 2014.
وانتقل الدولي البرتغالي من موناكو إلى مانشستر سيتي في صيف 2017.
وارتدى برناردو سيلفا قميص الفريق السماوي في 396 مباراة وسجل 70 هدفا.
وحقق مع سيتي العديد من البطولات، أبرزها 6 ألقاب دوري إنجليزي ولقب دوري أبطال أوروبا 2023 ولقب كأس العالم للأندية 2023."
الكرة الأوروبية,"يدرس نادي بورتو قطع إعارة لاعبه تياجو ديالو وإعادته إلى يوفنتوس.
وحسب صحيفة أبولا البرتغالية فإن بورتو بصدد قطع إعارة ديالو لعدم التزامه.
وأفادت الصحيفة فإن ديالو رفقة 3 لاعبين آخرين كسروا قواعد النادي بالخروج ليلا.
ولم تكن هذه الواقعة هي الأولى للمدافع البرتغالي، فإن ديالو سافر إلى مدينة مدريد ليلة رأس السنة وعاد إلى تدريبات بورتو في اليوم التالي متأخرا.
وتعاقد بورتو مع اللاعب البالغ من العمر 25 عاما في فترة الانتقالات الصيفية الماضية على سبيل الإعارة من يوفنتوس.
وانضم ديالو إلى يوفنتوس في فترة الانتقالات الشتوية قبل الماضية مقابل 5 ملايين يورو قادما من ليل.
وانتقل ديالو إلى فريق ميلان تحت 19 عاما قادما من سبورتينج لشبونة البرتغالي مقابل مليون يورو في يناير 2019.
واستمر ديالو مع الروسونيري لمدة 6 أشهر فقط ورحل إلى ليل مقابل 4 ملايين يورو في صيف 2019.
وتوج ديالو من قبل ببطولة الدوري الفرنسي موسم 2020-2021 وبالسوبر الفرنسي 2021-2022."
الكرة الأوروبية,"اجتمع مسؤولو نادي اتحاد جدة مع نظيره برشلونة لبحث إمكانية ضم فرينكي دي يونج خلال فترة الانتقالات الصيفية المقبلة.
وينتهي عقد اللاعب الهولندي مع النادي الكتالوني في صيف 2026.
وحسب صحيفة سبورت الإسبانية فإن الاتحاد عقد اجتماعا مع برشلونة في الأيام الماضية من أجل التفاوض بشأن ضم اللاعب البالغ من العمر 27 عاما.
ووفقا لجريدة اليوم السعودية فإن لوران بلان المدير الفني للاتحاد يرغب في دعم خط وسط الفريق.
وحقق اتحاد جدة فوزا مثيرا على الاتفاق بثلاثة أهداف مقابل هدفين في مباراة أقيمت على ملعب الملك عبد الله بالجولة 29 من الدوري السعودي.
الفوز رفع رصيد الاتحاد للنقطة 68 في صدارة جدول الترتيب ليوسع الفارق مع الهلال صاحب المركز الثاني إلى 6 نقاط.
وسيلعب الاتحاد مباراته القبلة ضد النصر يوم الأربعاء 7 مايو، بينما يلتقي الاتفاق مع الخليج يوم 2 مايو."
سعودي في الجول,"يقود الكولومبي جون دوران هجوم النصر خلال المواجهة المرتقبة ضد ضمك.
ويحل النصر ضيفا على ضمك ضمن الجولة 29 من مسابقة الدوري السعودي.
فيما يغيب كريستيانو رونالدو عن صفوف النصر أمام ضمك تجنا لإرهاق النجم البرتغالي، إذ سيلعب النصر ضد يوكوهاما مارينوس الياباني بعد 3 أيام في ربع نهائي أطال آسيا للنخبة.
في المقابل يتواجد النجم المصري طارق حامد على مقاعد بدلاء ضمك في مواجهة النصر.
خط الدفاع: سلطان الغنام - محمد سيماكان - إيمريك لابورت - سالم النجدي
خط الوسط: مارسيلو بروزوفيتش - عبد الله الخيبري - أيمن يحيى
ويحتل نادي النصر المركز الثالث في جدول ترتيب الدوري السعودي برصيد 57 نقطة.
فيما يتواجد ضمك في المركز الـ11 بجدول الترتيب برصيد 31 نقطة."
الكرة الأوروبية,"يواجه نادي سانت إيتيان خطر خصم النقاط من رصيده في الدوري الفرنسي بعد إصابة مساعد حكم مباراته ضد أولمبيك ليون بمقذوف خلال لقاء الفريقين، حسب تقارير فرنسية.
وأوضحت جريدة ليكيب أن نادي سانت إيتيان قد يتعرض لخضم 3 نقاط من رصيده بسبب شغب جماهيره.
ومن المتوقع أن تفتح رابطة الدوري الفرنسي تحقيقاً رسميا، قد يسفر عن فرض عقوبات على سانت إيتيان منها اللعب بدون جماهير أو خصم نقاط.
وتعرض سانت إيتيان لعقوبات كثيرة في المواسم الأخيرة بسبب شغب جماهيره.
وكان أحد لاعبي ليون يستعد لتنفيذ رمية تماس قبل نهاية الشوط الأول بدقيقة، لكن الحكم المساعد وضع يده على رأسه بعدما أصيب بمقذوف من المدرجات.
وحاول الطاقم الطبي لليون علاج مساعد الحكم قبل أن يغادر الفريقان وطاقم التحكيم أرض الملعب نحو غرف خلع الملابس.
وتوقفت المباراة لأكثر من 40 دقيقة بعد إصابة الحكم المساعد.
وألقت الشرطة الفرنسية القبض على مشجع تسبب في إصابة مساعد حكم مباراة سانت إيتيان ضد أولمبيك ليون بمقذوف من المدرجات.
وأفاد نادي سانت إيتيان في بيان: ""بعد توقف المباراة اتخذ النادي على الفور جميع الإجراءات اللازمة لكشف الحقائق بدقة. وقد مكّن هذا التحقيق سريعًا من تحديد هوية الجاني المزعوم لإطلاق المقذوف"".
وأضاف ""استنادا إلى معلومات قدّمها النادي، وبالتعاون مع السلطات، أُلقي القبض على الشخص فور مغادرته الملعب. وهو الآن قيد الاحتجاز لدى الشرطة. وسيقدّم نادي سانت إيتيان شكوى ضده""
وشدد ""سيتخذ النادي أشدّ العقوبات من جانبه، حتى لا يفلت هذا العمل المنفرد من العقاب"".
وأتم البيان ""يُؤكّد سانت إتيان التزامه التام بمكافحة جميع أشكال العنف، وسيواصل العمل بحزم مع جميع الجهات المعنية لتمكين اتخاذ أشد التدابير ضد مرتكبي هذا النوع من الأعمال"".
وكان سانت إيتيان متقدما بهدف لوكاس ستاسين قبل توقف المباراة بسبب إصابة الحكم المساعد.
مع استئناف اللقاء ضاعف ستاسين النتيجة في الدقيقة 66.
ولم يكن الهدف الذي سجله تانر تسمان بعدها بـ10 دقائق كافيا لإنقاذ ليون من الخسارة."
الدوري المصري,"قرر الجهاز الفني للفريق الأول لكرة القدم بنادي الزمالك بقيادة البرتغالي جوزيه بيسيرو، خوض مباراة ودية أمام فريق بهتيم يوم الجمعة المقبل، في إطار الاستعداد لمباراة المصري المقبلة في مسابقة الدوري الممتاز.
وسيخوض الزمالك المباراة الودية في الثالثة والنصف عصر يوم الجمعة المقبل، على ملعب النادي بمقر القلعة البيضاء لتجهيز جميع اللاعبين للمباراة المرتقبة أمام المصري.
ومن المقرر أن تقام المباراة على 4 أشوط كي يحصل جميع اللاعبين على فرصة المشاركة في التجربة الودية.
ويستعد فريق الزمالك لمواجهة المصري، المقرر لها يوم 1 مايو المقبل على ستاد الجيش ببرج العرب، في الجولة الثالثة للمرحلة النهائية لمسابقة الدوري المصري الممتاز.
ويحتل الزمالك المركز الثالث بجدول ترتيب الدوري المصري برصيد 38 نقطة بفارق 6 نقاط عن بيراميدز المتصدر ونقطتين عن الأهلي صاحب المركز الثاني."
كرة طائرة,"واصل الأهلي انتصاراته في بطولة إفريقيا للكرة الطائرة المقامة في ليبيا، وذلك بعد الفوز على نيمو ستارز الأوغندي بنتيجة 3-0 في الأشواط.
وجاءت نتائج الأشواط للأهلي 25-18 و25-11 و25-14 على التوالي.
ويقع الأهلي في المجموعة الثانية رفقة فرق الفتح المغربي والحرس الجمهوري الكونغولي ووحدة الخدمات العامة الكينية وكاستل الجزائري ونيمو ستارز الأوغندي.
ويتبقى للأهلي تحقيق الفوز في مباراة واحدة لضمان التأهل لدور الـ16 من البطولة.
وتستضيف ليبيا منافسات بطولة إفريقيا لرجال الكرة الطائرة خلال الفترة من 18 إلى 30 أبريل الجاري.
ويدخل الأهلي البطولة من أجل الدفاع عن لقبه، بعدما توج باللقب الموسم الماضي على حساب مولودية بو سالم.
وجاءت قائمة الأهلي تحت قيادة الإسباني فرناندو مونزو:
حسام يوسف - عبد الحليم عبو - مصطفى جابر - زياد أسامة - سيف عابد - محمد عسران - أحمد عزب - عبد الرحمن الحسيني - إسلام محمد - يوندر جارسيا - محمد رمضان - خالد عادل - محمد عثمان - عبد الرحمن سعودي.
ويعتبر الأهلي البطل التاريخي لبطولة إفريقيا برصيد 16 لقبا وبفارق 10 ألقاب عن الصفاقسي التونسي أقرب منافسيه.
ونجح الأهلي في تحقيق اللقب في آخر 5 مشاركات شارك بهم في البطولة بينما غاب الفريق عن نسختي 2021 و2023."
الدوري المصري,"يوافق اليوم ذكرى مرور 14 يوما على اندلاع أزمة مباراة القمة الشهيرة، وانسحاب الأهلي من مباراة الزمالك، أو اعتذاره عن عدم لعبها، أو امتناعه، أو رفضه، أو طلبه للتأجيل.. أيا يكن.
يوافق اليوم أيضا ذكرى مرور بضع ساعات على اكتشافنا أن الكرة المعروضة بشكل جمالي قبل أن يأخذها الحكم لبداية المباراة، يتم تثبيتها على غطاء زجاجة مياه بلاستيكية، في مشهد يعكس دقة توجيه الإنفاق، أو ترشيد الإنفاق، أو طريقة غزل الشاطرة إن وجدت، أو شيء ما لا يصح ذكره هو الأم الشرعية للاختراع، ولكن صاحب المثل الأصلي فضل تسميته بـ ""الحاجة"" تفاديا لخوض العوائق في طريق الانتشار المجتمعي.
وفي الحقيقة، فإن غطاء الزجاجة يبدو مفتاحا مثاليا لتلخيص كل ما يحدث في الكرة المصرية.. هذه أشهر خدعة في كتاب الكرة المصرية بالمناسبة، فهذه المقولة ستجدها صالحة للاستخدام على أي لقطة لم تشاهد مثلها إلا هنا، سواء كان انسحاب الأهلي الحالي، أو أي من انسحابات الزمالك السابقة، أو انسحاب يوسف أوباما بعد إهدار ركلة الجزاء مع الاتحاد، أو ذلك الحكم الذي اتهمه سمير محمود عثمان بنزع ""فيشة الفار"" من أجل الشاي.. أو حتى رجل الشاي شخصيا.. الحاج المُفترى عليه دائما أبدا عامر حسين.
سنعود للحاج عما قريب، ولكنه ليس مشكلتنا، فما حدث لم يسبق حدوثه في أزهى عصوره، هذا الرجل الذي لم يجعلنا نحمل هم مواجهة الأهلي والزمالك في الجولات المبكرة أبدا، فهي دائما في النهايات، وإن تظاهر بالخطأ مرة ووضعها مبكرا، فأنت تعلم أنه سيؤجلها لاحقا.
سنوات وسنوات، ورغم مهامه الجسام في الجمع بين 47 وظيفة على أقل تقدير، لم يورطنا عامر حسين أبدا في فضيحة تضاهي الإعلان عن مباراة للأهلي والزمالك قبل إقامتها بـ 5 أيام. حين يعلن هذا الرجل عن موعد مبدئي لمباراة قمة، فأنت تعلم جيدا أنها لن تُلعب قبل 6 أشهر من ذلك التاريخ.. بما لا يدع مجالا لأي من طرفيها للاعتراض بحجة المفاجأة.
ولكن في عهد الحاج -بصفته الوظيفية لحين أداء الفريضة- طه عزت، صار أمرا طبيعيا أن تعلن رابطة الأندية يوم 8 مارس، أن الأهلي والزمالك سيلتقيان يوم 13 مارس، في وجود لائحة تلزم بالإبلاغ بطلب الحكام الأجانب قبلها بـ 14 يوما، على فرض استحالة الإعلان عن إقامة مباراة ""في بطولة دوري"" قبل إقامتها بمدة أقل من هذه.
بطبيعة الحال، نعرف جميعا أن هذا العبث لا يمكن أن يتحمله طه عزت منفردا، لكن ضع نفسك مكاني.. إنه وبوضوح شديد للغاية، الهدف الأسهل في كل هذه القائمة.. من في القائمة؟ سؤال جميل سأفترض أنك طرحته وأشكرك عليه.. بسم الله.
رغم أن البداية من نقطة البداية تبدو أسهل دائما، سنبدأ هذه المرة من النقطة التي نقف فيها على وجه التحديد: شكوى النادي الأهلي أمام اللجنة الأولمبية.. من هنا يمكننا العودة إلى البداية.
تتناول المصادر رد ""رابطة الأندية المحترفة"" على اللجنة الأولمبية، مؤكدة سلامة كل إجراءاتها المتبعة في المباراة وبالتالي العقوبات التي صدرت ضد الأهلي بحكم انسحابه.
وفقا لهذا الرد، فإن اللوائح تتضمن طلب الحكام بخطاب رسمي من أحد طرفي المباراة وهو ما لم يفعله أي من طرفي المباراة، وأن الأهلي كان يمكنه الاحتجاج على العقوبات خلال 48 -وفقا للوائح أيضا- وهو ما لم يفعله كذلك.. حسنا.. ماذا تتضمن اللوائح أيضا؟
لنرى، اللوائح تتضمن مهلة مدتها 14 يوما قبل المباراة لاستقدام الحكام الأجانب، وهو ما لم توفره الرابطة من الأساس في أيامها الـ 5 بين إعلان الجدول المفاجئ الذي تدعي الرابطة أن خط سيره كان معلنا منذ البداية، ولا يوجد مسؤول واحد في أي من الأندية على علم بهذا المعلن من البداية، بل لا يوجد حتى صحفي واحد كان على علم بهذه الأسطورة.
ماذا تتضمن اللوائح أيضا؟ حل رابطة الأندية بنهاية كل موسم وإجراء انتخابات جديدة لإدارة الموسم الجديد.. هل حدث هذا؟ للأمانة الإعلام لم يتغاضَ عن هذه النقطة، فقد ظل يسأل ثروت سويلم نفس السؤال طيلة 3 أشهر بين نهايات الموسم الماضي والإعلان عن الشكل الجديد للدوري الحالي، وأنت تعلم مدى سهولة استخراج إجابة صريحة من سويلم تشعل فتيل أزمة ما فيضطر لتوضيحها أو نفيها أو الالتفاف حولها في اليوم التالي، وأنا بكل صراحة لن أعيد الاستماع لمداخلات سيادة اللواء لأعثر على تلك الإجابة. الأعمال الكاملة متاحة عبر يوتيوب والمداخلة الواحدة مدتها 25 دقيقة.. حظ سعيد.
هذا هو أساس ""رابطة الأندية المحترفة"" لهذا الموسم.. لدينا رابطة لا وجود قانوني لها سوى ""تفويض موقع من الأندية في بداية الموسم"" لن يصمد أمام أولى درجات التقاضي بمحامٍ من كلية الألسن، مما قد ينزع عنها صفة الرابطة في أي لحظة، تضم أندية لا تنفك عن شكواها والشكوى أمامها، وبينما نقف في هذا الوضع بالفعل.. هل نحن بحاجة حقا للنقاش في صفة ""المحترفة""؟
ربما لا يبدو من المنطق أن تتحدث رابطة تضرب اللائحة في شرعية وجودها من الأساس عن ""تطبيقها للوائح""، ولكن هل يبدو الموقف بأكمله غريبا عن مشهدنا الرياضي؟ عوار قانوني نعرفه جميعا، ونرتضيه جميعا بشكل أو بآخر، حتى ينتج عنه ضرر ما، فيقرر الطرف المتضرر اللعب على وتره بشكل أو بآخر، بينما يحدد الطرف المضاد موقفه من هذا العوار بناء على موقعه من الصراع.. أهلا بك في عالم القطبين.
دورهما قادم لا محالة، ولكن لنمر سريعا على اتحاد الكرة.. الذي ربما لم يمنحنا دليلا واضحا على ما سنفتريه عليه الآن، ولكن، هل تعتقد أن ""الكيان الحاكم للكرة المصرية"" يشعر بالراحة في ظل وجود أهم منتجاتها ومكتسباتها ""الدوري المصري"" تحت سيطرة جهة لا تتبع سلطته؟
أعِد الشريط سريعا.. رابطة الأندية أكدت بعد ساعات من مهزلة إعلان موعد القمة قبل إقامتها بـ 5 أيام، أنها طالبت اتحاد الكرة بحكام أجانب لمباريات الأهلي والزمالك وبيراميدز ضد بعضهم البعض.. اتحاد الكرة في المطلق لا تصله أي خطابات، وإن وصلته فإنه لا يرد عليها، وإن اضطر للرد عليها فإنه سيتعذر بكل ما أنزلته البيروقراطية من سلاطين، وهذا بالضبط ما حدث.
المفارقة أن اتحاد الكرة معذور نسبيا في هذه الأزمة، فالوقت -ولأول مرة تقريبا- كان ضيقا بالفعل، والرجل الأول في اتحاد الكرة هاني أبو ريدة كان منشغلا للغاية في حدث أكثر أهمية من الكرة المصرية: انتخابات كاف ومنصبه في فيفا. صدقا هذه ليست سخرية، فهذا الأمر أهم من أيا كانت تلك الرياضة التي نمارسها.. بينما الرجل المكلف بهذه المسائل الثانوية والتي -تخيل- لن يمكننا ذكر اسمه لأننا لا نملك دليلا -رسميا- على ذلك.. قرر التمسك بلائحة الأيام الـ 14، وهذا لأن الرابطة تدير الدوري، والاتحاد يدير الحكام الذين يشكو منهم كل أندية الدوري.. أصلا.
الأهلي -ومعه كل الحق- شعر أنه يتم ضغطه في صراع لا ناقة له فيه ولا جمل بين الجهتين، ولكن هل يعني ذلك أنه كان محقا في قرار الانسحاب؟ أو بالأحرى.. هل يستحق الحكم الأجنبي التضحية بالمنافسة على الدوري؟ الأهلي معروف جيدا بحساب خطواته التالية دائما.. فهل حسبها جيدا هذه المرة؟
من منظور المشجع العادي.. ليس ذنبي أن أحجز تذكرة لأشاهد القمة فلا يحضر أحد الطرفين، ورد قيمة التذكرة وإن كانت خطوة تحترم فهي لا تكفي لرد كل المصاعب المالية والمعنوية التي تكبدها هؤلاء المشجعين.
من منظور نفس المشجع الذي لم يحضر المباراة، وبالنظر للحالة الحالية للفريقين: هل يخشى الأهلي مواجهة الزمالك بحكم مصري أو أجنبي أو حتى بلا حكم؟ هل كان هناك ما يمنع خوض المباراة والانتصار فيها -الذي يبدو قريبا على الورق حتى رغم التعادلات الأخيرة- ثم متابعة المعركة على أرض صلبة في التوقف الدولي لضمان عدم تكرار هذه المهزلة فيما تبقى؟
لماذا تأخر الأهلي في طلب الحكم الأجنبي وأجل مطالباته العلنية منتظرا إعلان الرابطة الهزلي عن طلبها من اتحاد الكرة قبل إقامة المباراة بيومين ليتمسك به؟ نعرف أنها مباراة الزمالك.. هل كان ينتظر من الزمالك أن يطلب هو الحكم الأجنبي ويتحمل الفاتورة الدولارية في ظروفه الاقتصادية الحالية؟ مستحيل.
في النهاية تمسك الأهلي بموقفه.. وسيضطر الجميع لخوض اللعبة كما هي، فما الذي يرتكن الأهلي إليه في هذا الموقف؟ الخطوة الأولى والأهم وبعيدا عن المعارك داخل الرابطة واتحاد الكرة التي لن تسفر عن شيء على الأرجح هي الدفع بالعوار اللوائحي، وهو المبرر الوحيد على وجه التحديد للجوء إلى اللجنة الأولمبية، والتي -للتوضيح- لا تملك حق تحديد العقوبات أو إصدار قرار بإعادة مباراة القمة، فكل ما ستفعله هو الفصل: هل كان ما حدث سليما من الناحية الإجرائية أم لا؟
من يمكنه الفصل في ذلك؟ وإلى أي درجة؟ فتطبيق الرابطة للائحة الانسحاب سليم 100%، ولكن تعارض الإعلان قبل 5 أيام مع لائحة الحكام الأخرى ذات الـ 14 يوما ماذا نصنع به؟ ولو تتبعت اللجنة الأولمبية الإجراءات اللوائحية واستمرت في العودة بالشريط للخلف، يمكنها أن تجد أن الدوري بأكمله ليس قانونيا، بناء على عدم قانونية الرابطة ""المفوضة بالمخالفة للوائح"".
ما الذي يستند إليه الأهلي حقا ويدفعه للتلويح بعدم استكمال الدوري بأكمله؟ حسنا.. اللائحة تقول صراحة إن الأهلي لو نفذ تهديده يجب معاقبته بالهبوط إلى الدرجة الرابعة.. وأنا من موقعي المتواضع هذا.. سأمنحك ما تطلبه لو أخبرتني باسم رجل واحد في المنظومة الرياضية يجرؤ على فعلها في الدوري الذي ألغى الهبوط بأكمله لأجل الاتحاد السكندري.
وللأمانة، الرابطة في ورطة أكثر فداحة من حقيقة وضعها القانوني، فهي ببساطة لا يمكنها التراجع عن احتساب النتيجة للزمالك وخصم النقاط من الأهلي بعدما فعلت نفس الشيء بالزمالك في العام الماضي ولم تتراجع أمام مطالبه الشرعية هي الأخرى في ظاهرها، دون أن تُوصَم بأنها رابطة الأهلي، ودون أن يُوصَم الأهلي نفسه للأبد بأنه نادي الدولة كما يحلو للبعض مناداته.
غياب يهدد عوائد الدوري بأكمله ويهدد حتى عوائد المسابقات الإفريقية. هذه ورقة ضغط في منتهى القوة والخطورة.. ولا يفترض أن تتواجد في يد أي من الأندية سواء كان على حق أو على باطل. والحل؟ يسهل قوله، ويستحيل تطبيقه.. لوائح سليمة، ووضع قانوني سليم، ومنظومة سليمة تقف على أرض صلبة وتحقق أقصى حد ممكن من العدالة لجميع الأطراف.. حينها فقط لن يمثل الأهلي تهديدا وجوديا وإن استمر كأقوى الأندية وأكثرها شعبية وعوائد وأعزها نفرا.. وإلا ستسود للأبد سياسة أخذ ما يمكنني أخذه بأي طريقة يمكنني أخذه بها.
صدق فلا يحق لك ألا تصدق.. الزمالك هو الآخر ليس منزها عن ذلك. لا تخبرني أن النادي الأكثر إصدارا للبيانات ضد الحكام المصريين في آخر موسمين صار يحبهم فجأة، ولكن هل يمكنك لومه على رفض هدية الأهلي؟ في أي ""يوتوبيا"" ظن الناس أن الزمالك سيلتزم بموقفه إن كان هذا يعني التضامن من الأهلي في المطلق؟ فما بالك لو كان هذا التضامن يعني التفريط في 3 نقاط مجانية وخصم 3 آخرين من الأهلي وعودة للمنافسة لم تكن حتى في الأحلام؟ لماذا نلوم الزمالك على أخذ الدنيا غلابا في نفس الموقف الذي يحاول الأهلي واتحاد الكرة والرابطة أخذ الدنيا بنفس الطريقة؟
والآن هل تذكرون عامر حسين.. هذا الرجل الذي ارتضى الزمالك إبعاده مكسبا له من موقعة طواحين الهواء الشهيرة في الموسم الماضي، هل كان حقا هو المشكلة؟ أعِد النظر في كل هذه المهزلة خطوة تلو الأخرى، ثم أخبرنا ماذا استفادت منظومة الكرة المصرية من ابتعاد عامر حسين عن المشهد سوى انخفاض معدلات استهلاك الشاي في مكاتبها."
الكرة الأوروبية,"عاد داني كارباخال لاعب ريال مدريد للتدرب بالكرة مرة أخرى.
وتعرض الظهير الأيمن للإصابة في الركبة في الدقائق الأخيرة أمام فياريال في الجولة التاسعة من الدوري الإسباني، بعد التحامه مع يريمي بينو لاعب فياريال.
وحسب برنامج الشيرينجيتو فإن اللاعب الإسباني عاد للتدرب بالكرة بعد تعافيه من إصابة بالرباط الصليبي.
ولعب كاراباخال هذا الموسم 11 مباراة مع ريال مدريد في مختلف المسابقات.
ويستعد ريال مدريد لمواجهة خيتافي غدا الأربعاء بالجولة 33 من الدوري الإسباني على ملعب كوليسيوم.
ويحتل ريال مدريد المركز الثاني في جدول ترتيب الدوري الإسباني برصيد 69 نقطة."
ميركاتو,"ذكرت شبكة سكاي سبورت ألمانيا أن نادي باير ليفركوزن يتواصل مع مانشستر سيتي بشكل مباشر من أجل ضم الجناح جيمس ماكاتي.
وأوضح التقرير أن الناديان يدرسان كل الحلول الممكنة لإتمام الصفقة.
وأضاف التقرير أن هناك أندية أخرى من الدوري الإنجليزي والدوري الإيطالي أبدت اهتمامها بضم اللاعب.
لم يتوصل ماكاتي إلى اتفاق شفهي مع أي نادٍ حتى الآن، حسب التقرير.
ولفت التقرير إلى أن بيب جوارديولا مدرب سيتي يرغب في الاحتفاظ بماكاتي، لكن اللاعب يريد الرحيل لرغبته في لعب دقائق أكثر.
الجناح الشاب يشارك في بعض المباريات مع بيب جوارديولا هذا الموسم، فقد لعب 24 مباراة وسجل 7 أهداف.
وحاول ليفركوزن ضم اللاعب في يناير الماضي على سبيل الإعارة مع خيار الشراء، لكن الصفقة لم تتم."
